nstxu_204202/N2/egn02w.1705E+02,bad
nstxu_204202/N7/egn07w.1291E+02,bad
nstxu_204202/N5/egn05w.1124E+02,bad
nstxu_204202/N5/egn05w.1894E+02,bad
nstxu_204202/N6/egn06w.9707E+01,bad
nstxu_204202/N7/egn07w.2172E+02,bad
nstxu_204202/N1/egn01w.1226E+02,bad
nstxu_204202/N1/egn01w.3866E+02,bad
nstxu_204202/N10/egn10w.3318E+02,bad
nstxu_204202/N6/egn06w.1097E+02,bad
nstxu_204202/N4/egn04w.5638E+01,bad
nstxu_204202/N10/egn10w.3164E+02,bad
nstxu_204202/N10/egn10w.3122E+02,bad
nstxu_204202/N10/egn10w.2918E+02,bad
nstxu_204202/N2/egn02w.3054E+02,bad
nstxu_204202/N8/egn08w.1612E+02,bad
nstxu_204202/N7/egn07w.1301E+02,bad
nstxu_204202/N3/egn03w.2337E+02,bad
nstxu_204202/N4/egn04w.2939E+02,bad
nstxu_204202/N6/egn06w.2649E+02,bad
nstxu_204202/N10/egn10w.7180E+01,bad
nstxu_204202/N3/egn03w.2774E+02,bad
nstxu_204202/N9/egn09w.3315E+02,bad
nstxu_204202/N10/egn10w.1123E+02,bad
nstxu_204202/N4/egn04w.2111E+02,bad
nstxu_204202/N4/egn04w.2919E+02,bad
nstxu_204202/N10/egn10w.2984E+02,bad
nstxu_204202/N10/egn10w.9591E+01,bad
nstxu_204202/N3/egn03w.5199E+01,bad
nstxu_204202/N1/egn01w.2735E+02,bad
nstxu_204202/N7/egn07w.1316E+02,bad
nstxu_204202/N1/egn01w.4413E+02,bad
nstxu_204202/N6/egn06w.7722E+01,bad
nstxu_204202/N4/egn04w.3223E+02,bad
nstxu_204202/N10/egn10w.6022E+01,bad
nstxu_204202/N6/egn06w.6043E+01,bad
nstxu_204202/N3/egn03w.6740E+01,bad
nstxu_204202/N10/egn10w.3356E+02,bad
nstxu_204202/N10/egn10w.3184E+02,bad
nstxu_204202/N7/egn07w.5606E+01,bad
nstxu_204202/N10/egn10w.8050E+01,bad
nstxu_204202/N10/egn10w.1657E+02,bad
nstxu_204202/N7/egn07w.8196E+01,bad
nstxu_204202/N10/egn10w.3235E+02,bad
nstxu_204202/N1/egn01w.1139E+02,bad
nstxu_204202/N4/egn04w.3192E+02,bad
nstxu_204202/N10/egn10w.5558E+01,bad
nstxu_204202/N4/egn04w.2958E+02,bad
nstxu_204202/N5/egn05w.2907E+02,bad
nstxu_204202/N10/egn10w.1012E+02,bad
nstxu_204202/N1/egn01w.9537E+01,bad
nstxu_204202/N9/egn09w.3491E+02,bad
nstxu_204202/N7/egn07w.1322E+02,bad
nstxu_204202/N2/egn02w.1421E+02,bad
nstxu_204202/N8/egn08w.1573E+02,bad
nstxu_204202/N10/egn10w.5402E+01,bad
nstxu_204202/N7/egn07w.1277E+02,bad
nstxu_204202/N2/egn02w.2310E+02,bad
nstxu_204202/N6/egn06w.9214E+01,bad
nstxu_204202/N1/egn01w.9659E+01,bad
nstxu_204202/N1/egn01w.9409E+01,bad
nstxu_204202/N9/egn09w.3457E+02,bad
nstxu_204202/N3/egn03w.2603E+02,bad
nstxu_204202/N8/egn08w.6595E+01,bad
nstxu_204202/N5/egn05w.2841E+02,bad
nstxu_204202/N5/egn05w.7010E+01,bad
nstxu_204202/N5/egn05w.9219E+01,bad
nstxu_204202/N9/egn09w.5962E+01,bad
nstxu_204202/N1/egn01w.1468E+02,bad
nstxu_204202/N4/egn04w.1333E+02,bad
nstxu_204202/N4/egn04w.2648E+02,bad
nstxu_204202/N9/egn09w.3433E+02,bad
nstxu_204202/N1/egn01w.9473E+01,bad
nstxu_204202/N10/egn10w.1690E+02,bad
nstxu_204202/N10/egn10w.3007E+02,bad
nstxu_204202/N4/egn04w.3017E+02,bad
nstxu_204202/N6/egn06w.8580E+01,bad
nstxu_204202/N4/egn04w.3099E+02,bad
nstxu_204202/N3/egn03w.2907E+02,bad
nstxu_204202/N6/egn06w.3002E+02,bad
nstxu_204202/N10/egn10w.3143E+02,bad
nstxu_204202/N6/egn06w.9561E+01,bad
nstxu_204202/N4/egn04w.3256E+02,bad
nstxu_204202/N10/egn10w.7437E+01,bad
nstxu_204202/N5/egn05w.7666E+01,bad
nstxu_204202/N6/egn06w.3165E+02,bad
nstxu_204202/N10/egn10w.3100E+02,bad
nstxu_204202/N7/egn07w.1344E+02,bad
nstxu_204202/N6/egn06w.9938E+01,bad
nstxu_204202/N6/egn06w.1049E+02,bad
nstxu_204202/N4/egn04w.1233E+02,bad
nstxu_204202/N7/egn07w.3210E+02,bad
nstxu_204202/N10/egn10w.9186E+01,bad
nstxu_204202/N9/egn09w.1241E+02,bad
nstxu_204202/N9/egn09w.6922E+01,bad
nstxu_204202/N7/egn07w.5229E+01,bad
nstxu_204202/N10/egn10w.1334E+02,bad
nstxu_204202/N9/egn09w.9649E+01,bad
nstxu_204202/N8/egn08w.5135E+01,bad
nstxu_204202/N5/egn05w.5249E+01,bad
nstxu_204202/N4/egn04w.2856E+02,bad
nstxu_204202/N10/egn10w.1018E+02,bad
nstxu_204202/N7/egn07w.1340E+02,bad
nstxu_204202/N4/egn04w.2877E+02,bad
nstxu_204202/N10/egn10w.1245E+02,bad
nstxu_204202/N8/egn08w.6173E+01,bad
nstxu_204202/N5/egn05w.6250E+01,bad
nstxu_204202/N8/egn08w.1583E+02,bad
nstxu_204202/N7/egn07w.1311E+02,bad
nstxu_204202/N10/egn10w.9884E+01,bad
nstxu_204202/N6/egn06w.3117E+02,bad
nstxu_204202/N10/egn10w.6610E+01,bad
nstxu_204202/N7/egn07w.1306E+02,bad
nstxu_204202/N10/egn10w.3254E+02,bad
nstxu_204202/N5/egn05w.7891E+01,bad
nstxu_204202/N1/egn01w.9345E+01,bad
nstxu_204202/N7/egn07w.2109E+02,bad
nstxu_204202/N7/egn07w.1138E+02,bad
nstxu_204202/N9/egn09w.3069E+02,bad
nstxu_204202/N4/egn04w.3057E+02,bad
nstxu_204202/N5/egn05w.3335E+02,bad
nstxu_204202/N1/egn01w.9599E+01,bad
nstxu_204202/N2/egn02w.2199E+02,bad
nstxu_204202/N9/egn09w.3285E+02,bad
nstxu_204202/N10/egn10w.5883E+01,bad
nstxu_204202/N7/egn07w.5735E+01,bad
nstxu_204202/N7/egn07w.6822E+01,bad
nstxu_204202/N7/egn07w.1282E+02,bad
nstxu_204202/N2/egn02w.7267E+01,bad
nstxu_204202/N6/egn06w.2617E+02,bad
nstxu_204202/N5/egn05w.3189E+02,bad
nstxu_204202/N10/egn10w.8645E+01,bad
nstxu_204202/N4/egn04w.3144E+02,bad
nstxu_204202/N9/egn09w.3282E+02,bad
nstxu_204202/N4/egn04w.3325E+02,bad
nstxu_204202/N7/egn07w.1327E+02,bad
nstxu_204202/N6/egn06w.2910E+02,bad
nstxu_204202/N9/egn09w.6742E+01,bad
nstxu_204202/N1/egn01w.3981E+02,bad
nstxu_204202/N10/egn10w.9791E+01,bad
nstxu_204202/N2/egn02w.2278E+02,bad
nstxu_204202/N6/egn06w.7662E+01,bad
nstxu_204202/N7/egn07w.2176E+02,bad
nstxu_204202/N8/egn08w.1566E+02,bad
nstxu_204202/N5/egn05w.7562E+01,bad
nstxu_204202/N9/egn09w.5840E+01,bad
nstxu_204202/N6/egn06w.2927E+02,bad
nstxu_204202/N4/egn04w.3121E+02,bad
nstxu_204202/N6/egn06w.9833E+01,bad
nstxu_204202/N5/egn05w.1086E+02,bad
nstxu_204202/N9/egn09w.2021E+02,bad
nstxu_204202/N10/egn10w.6723E+01,bad
nstxu_204202/N2/egn02w.1429E+02,bad
nstxu_204202/N10/egn10w.3048E+02,bad
nstxu_204202/N4/egn04w.3289E+02,bad
nstxu_204202/N4/egn04w.8247E+01,bad
nstxu_204202/N7/egn07w.1353E+02,bad
nstxu_204202/N1/egn01w.3216E+02,bad
nstxu_204202/N6/egn06w.9396E+01,bad
nstxu_204202/N4/egn04w.2841E+02,bad
nstxu_204202/N6/egn06w.1175E+02,bad
nstxu_204202/N4/egn04w.3077E+02,bad
nstxu_204202/N7/egn07w.1602E+02,bad
nstxu_204202/N5/egn05w.6749E+01,bad
nstxu_204202/N5/egn05w.3044E+02,bad
nstxu_204202/N5/egn05w.6678E+01,bad
nstxu_204202/N1/egn01w.4648E+02,bad
nstxu_204202/N10/egn10w.3231E+02,bad
nstxu_204202/N10/egn10w.6112E+01,bad
nstxu_204202/N10/egn10w.8334E+01,bad
nstxu_204202/N9/egn09w.6129E+01,bad
nstxu_204202/N4/egn04w.3037E+02,bad
nstxu_204202/N4/egn04w.2997E+02,bad
nstxu_204202/N6/egn06w.2868E+02,bad
nstxu_204202/N5/egn05w.2900E+02,bad
nstxu_204202/N10/egn10w.3405E+02,bad
nstxu_204202/N6/egn06w.3346E+02,bad
nstxu_204202/N7/egn07w.5281E+01,bad
nstxu_204202/N9/egn09w.5255E+01,bad
nstxu_204202/N10/egn10w.6943E+01,bad
nstxu_204202/N3/egn03w.5865E+01,bad
nstxu_204202/N8/egn08w.2400E+02,bad
nstxu_204202/N1/egn01w.6355E+01,bad
nstxu_204202/N9/egn09w.3472E+02,bad
nstxu_204202/N4/egn04w.2191E+02,bad
nstxu_204202/N10/egn10w.3225E+02,bad
nstxu_204202/N10/egn10w.2573E+02,bad
nstxu_204202/N2/egn02w.3044E+02,bad
nstxu_204202/N10/egn10w.3282E+02,bad
nstxu_204202/N4/egn04w.2978E+02,bad
nstxu_204202/N10/egn10w.1303E+02,good
nstxu_204202/N8/egn08w.1650E+02,good
nstxu_204202/N7/egn07w.1819E+02,good
nstxu_204202/N9/egn09w.3222E+02,good
nstxu_204202/N2/egn02w.6554E+01,good
nstxu_204202/N9/egn09w.2201E+02,good
nstxu_204202/N6/egn06w.2315E+02,good
nstxu_204202/N6/egn06w.1618E+02,good
nstxu_204202/N4/egn04w.8263E+01,good
nstxu_204202/N6/egn06w.1001E+02,good
nstxu_204202/N8/egn08w.2651E+02,good
nstxu_204202/N10/egn10w.2604E+02,good
nstxu_204202/N7/egn07w.2851E+02,good
nstxu_204202/N9/egn09w.3289E+02,good
nstxu_204202/N7/egn07w.1667E+02,good
nstxu_204202/N9/egn09w.1439E+02,good
nstxu_204202/N9/egn09w.1941E+02,good
nstxu_204202/N7/egn07w.1162E+02,good
nstxu_204202/N5/egn05w.1358E+02,good
nstxu_204202/N5/egn05w.1266E+02,good
nstxu_204202/N9/egn09w.1562E+02,good
nstxu_204202/N3/egn03w.1359E+02,good
nstxu_204202/N9/egn09w.3150E+02,good
nstxu_204202/N10/egn10w.1568E+02,good
nstxu_204202/N8/egn08w.3013E+02,good
nstxu_204202/N9/egn09w.1091E+02,good
nstxu_204202/N7/egn07w.3107E+02,good
nstxu_204202/N7/egn07w.8929E+01,good
nstxu_204202/N8/egn08w.2323E+02,good
nstxu_204202/N10/egn10w.2928E+02,good
nstxu_204202/N7/egn07w.1444E+02,good
nstxu_204202/N3/egn03w.1740E+02,good
nstxu_204202/N6/egn06w.1439E+02,good
nstxu_204202/N5/egn05w.2135E+02,good
nstxu_204202/N9/egn09w.1804E+02,good
nstxu_204202/N4/egn04w.2898E+02,bad,good
nstxu_204202/N10/egn10w.2074E+02,good
nstxu_204202/N5/egn05w.2391E+02,good
nstxu_204202/N4/egn04w.2078E+02,good
nstxu_204202/N6/egn06w.9143E+01,good
nstxu_204202/N8/egn08w.2025E+02,good
nstxu_204202/N7/egn07w.9477E+01,good
nstxu_204202/N9/egn09w.9539E+01,good
nstxu_204202/N10/egn10w.2304E+02,good
nstxu_204202/N3/egn03w.6963E+01,good
nstxu_204202/N7/egn07w.1060E+02,good
nstxu_204202/N5/egn05w.1651E+02,good
nstxu_204202/N3/egn03w.7521E+01,good
nstxu_204202/N6/egn06w.1899E+02,good
nstxu_204202/N3/egn03w.1017E+02,good
nstxu_204202/N4/egn04w.2635E+02,good
nstxu_204202/N7/egn07w.8631E+01,good
nstxu_204202/N9/egn09w.1029E+02,good
nstxu_204202/N8/egn08w.9915E+01,good
nstxu_204202/N8/egn08w.1790E+02,good
nstxu_204202/N9/egn09w.1197E+02,good
nstxu_204202/N10/egn10w.1915E+02,good
nstxu_204202/N6/egn06w.1273E+02,good
nstxu_204202/N8/egn08w.3306E+02,good
nstxu_204202/N10/egn10w.1425E+02,good
nstxu_204202/N6/egn06w.7914E+01,good
nstxu_204202/N6/egn06w.2987E+02,good
nstxu_204202/N3/egn03w.9141E+01,good
nstxu_204202/N9/egn09w.3423E+02,good
nstxu_204202/N10/egn10w.3236E+02,good
nstxu_204202/N8/egn08w.9247E+01,good
nstxu_204202/N8/egn08w.1192E+02,good
nstxu_204202/N8/egn08w.1072E+02,good
nstxu_204202/N4/egn04w.1754E+02,good
nstxu_204202/N10/egn10w.1026E+02,good
nstxu_204202/N4/egn04w.1363E+02,good
nstx_120113/N1/egn01w.1388E+02,bad
nstx_120113/N1/egn01w.1397E+02,bad
nstx_120113/N1/egn01w.1406E+02,bad
nstx_120113/N1/egn01w.1415E+02,bad
nstx_120113/N1/egn01w.1425E+02,bad
nstx_120113/N1/egn01w.1435E+02,bad
nstx_120113/N1/egn01w.1445E+02,bad
nstx_120113/N1/egn01w.1455E+02,bad
nstx_120113/N1/egn01w.1602E+02,bad
nstx_120113/N1/egn01w.1621E+02,bad
nstx_120113/N1/egn01w.1642E+02,bad
nstx_120113/N1/egn01w.1664E+02,bad
nstx_120113/N1/egn01w.1728E+02,bad
nstx_120113/N1/egn01w.1754E+02,bad
nstx_120113/N1/egn01w.1780E+02,bad
nstx_120113/N1/egn01w.1807E+02,bad
nstx_120113/N1/egn01w.1833E+02,bad
nstx_120113/N1/egn01w.1861E+02,bad
nstx_120113/N1/egn01w.1888E+02,bad
nstx_120113/N1/egn01w.1916E+02,bad
nstx_120113/N1/egn01w.1945E+02,bad
nstx_120113/N1/egn01w.1974E+02,bad
nstx_120113/N1/egn01w.2003E+02,bad
nstx_120113/N1/egn01w.2065E+02,bad
nstx_120113/N1/egn01w.2096E+02,bad
nstx_120113/N1/egn01w.2125E+02,bad
nstx_120113/N1/egn01w.2163E+02,bad
nstx_120113/N1/egn01w.2196E+02,bad
nstx_120113/N1/egn01w.2231E+02,bad
nstx_120113/N1/egn01w.2266E+02,bad
nstx_120113/N1/egn01w.2340E+02,bad
nstx_120113/N1/egn01w.2378E+02,bad
nstx_120113/N1/egn01w.2417E+02,bad
nstx_120113/N1/egn01w.2456E+02,bad
nstx_120113/N1/egn01w.2497E+02,bad
nstx_120113/N1/egn01w.2538E+02,bad
nstx_120113/N1/egn01w.2580E+02,bad
nstx_120113/N1/egn01w.2623E+02,bad
nstx_120113/N1/egn01w.2666E+02,bad
nstx_120113/N1/egn01w.5550E+02,bad
nstx_120113/N1/egn01w.5716E+02,bad
nstx_120113/N1/egn01w.5763E+02,bad
nstx_120113/N1/egn01w.5896E+02,bad
nstx_120113/N1/egn01w.5953E+02,bad
nstx_120113/N1/egn01w.5982E+02,bad
nstx_120113/N1/egn01w.6001E+02,bad
nstx_120113/N1/egn01w.6007E+02,bad
nstx_120113/N10/egn10w.1089E+02,good
nstx_120113/N10/egn10w.1224E+02,good
nstx_120113/N10/egn10w.1368E+02,good
nstx_120113/N10/egn10w.1534E+02,good
nstx_120113/N10/egn10w.1727E+02,bad
nstx_120113/N10/egn10w.1738E+02,bad
nstx_120113/N10/egn10w.1743E+02,bad
nstx_120113/N10/egn10w.1748E+02,bad
nstx_120113/N10/egn10w.1754E+02,bad
nstx_120113/N10/egn10w.1760E+02,bad
nstx_120113/N10/egn10w.1768E+02,bad
nstx_120113/N10/egn10w.1776E+02,bad
nstx_120113/N10/egn10w.1785E+02,bad
nstx_120113/N10/egn10w.1794E+02,bad
nstx_120113/N10/egn10w.1804E+02,bad
nstx_120113/N10/egn10w.1816E+02,bad
nstx_120113/N10/egn10w.1822E+02,bad
nstx_120113/N10/egn10w.1838E+02,bad
nstx_120113/N10/egn10w.1852E+02,bad
nstx_120113/N10/egn10w.1929E+02,bad
nstx_120113/N10/egn10w.2032E+02,good
nstx_120113/N10/egn10w.2299E+02,good
nstx_120113/N10/egn10w.2591E+02,good
nstx_120113/N10/egn10w.2945E+02,good
nstx_120113/N10/egn10w.4548E+02,bad
nstx_120113/N10/egn10w.4585E+02,bad
nstx_120113/N10/egn10w.4695E+02,bad
nstx_120113/N10/egn10w.5042E+02,good
nstx_120113/N10/egn10w.5115E+02,bad
nstx_120113/N10/egn10w.5180E+02,bad
nstx_120113/N10/egn10w.5278E+02,bad
nstx_120113/N10/egn10w.5297E+02,bad
nstx_120113/N10/egn10w.5504E+02,bad
nstx_120113/N10/egn10w.5561E+02,bad
nstx_120113/N10/egn10w.5673E+02,bad
nstx_120113/N10/egn10w.5889E+02,bad
nstx_120113/N10/egn10w.6001E+02,bad
nstx_120113/N10/egn10w.9347E+01,good
nstx_120113/N10/egn10w.9510E+01,good
nstx_120113/N2/egn02w.1062E+02,bad
nstx_120113/N2/egn02w.1088E+02,bad
nstx_120113/N2/egn02w.1148E+02,good
nstx_120113/N2/egn02w.1239E+02,good
nstx_120113/N2/egn02w.1609E+02,bad
nstx_120113/N2/egn02w.2030E+02,bad
nstx_120113/N3/egn03w.5807E+01,good
nstx_120113/N3/egn03w.6981E+01,bad
nstx_120113/N4/egn04w.1052E+02,bad
nstx_120113/N4/egn04w.1223E+02,good
nstx_120113/N4/egn04w.1498E+02,good
nstx_120113/N4/egn04w.2225E+02,bad
nstx_120113/N4/egn04w.2261E+02,bad
nstx_120113/N4/egn04w.2334E+02,good
nstx_120113/N4/egn04w.2625E+02,bad
nstx_120113/N4/egn04w.3413E+02,bad
nstx_120113/N4/egn04w.4455E+02,bad
nstx_120113/N4/egn04w.4463E+02,bad
nstx_120113/N4/egn04w.5581E+02,bad
nstx_120113/N4/egn04w.5664E+02,bad
nstx_120113/N4/egn04w.5685E+02,bad
nstx_120113/N4/egn04w.5849E+02,bad
nstx_120113/N4/egn04w.5912E+02,bad
nstx_120113/N4/egn04w.5947E+02,bad
nstx_120113/N4/egn04w.5969E+02,bad
nstx_120113/N4/egn04w.6761E+01,bad
nstx_120113/N4/egn04w.8865E+01,bad
nstx_120113/N4/egn04w.8937E+01,bad
nstx_120113/N4/egn04w.8982E+01,bad
nstx_120113/N4/egn04w.9018E+01,bad
nstx_120113/N4/egn04w.9059E+01,bad
nstx_120113/N4/egn04w.9198E+01,bad
nstx_120113/N4/egn04w.9355E+01,bad
nstx_120113/N4/egn04w.9419E+01,bad
nstx_120113/N4/egn04w.9542E+01,bad
nstx_120113/N4/egn04w.9876E+01,good
nstx_120113/N5/egn05w.1009E+02,good
nstx_120113/N5/egn05w.1161E+02,bad
nstx_120113/N5/egn05w.1185E+02,bad
nstx_120113/N5/egn05w.1205E+02,bad
nstx_120113/N5/egn05w.1226E+02,good
nstx_120113/N5/egn05w.1259E+02,bad
nstx_120113/N5/egn05w.1279E+02,bad
nstx_120113/N5/egn05w.1375E+02,bad
nstx_120113/N5/egn05w.1530E+02,good
nstx_120113/N5/egn05w.1806E+02,good
nstx_120113/N5/egn05w.2606E+02,bad
nstx_120113/N5/egn05w.2650E+02,bad
nstx_120113/N5/egn05w.2695E+02,bad
nstx_120113/N5/egn05w.2740E+02,bad
nstx_120113/N5/egn05w.2787E+02,bad
nstx_120113/N5/egn05w.2829E+02,bad
nstx_120113/N5/egn05w.3147E+02,bad
nstx_120113/N5/egn05w.4734E+02,bad
nstx_120113/N5/egn05w.4776E+02,bad
nstx_120113/N5/egn05w.4796E+02,bad
nstx_120113/N5/egn05w.5462E+02,bad
nstx_120113/N5/egn05w.5472E+02,bad
nstx_120113/N5/egn05w.5637E+02,bad
nstx_120113/N5/egn05w.5774E+02,bad
nstx_120113/N5/egn05w.9885E+01,bad
nstx_120113/N6/egn06w.1055E+02,good
nstx_120113/N6/egn06w.1147E+02,bad
nstx_120113/N6/egn06w.1202E+02,good
nstx_120113/N6/egn06w.1418E+02,good
nstx_120113/N6/egn06w.1472E+02,good
nstx_120113/N6/egn06w.1484E+02,bad
nstx_120113/N6/egn06w.1783E+02,bad
nstx_120113/N6/egn06w.1905E+02,bad
nstx_120113/N6/egn06w.2071E+02,good
nstx_120113/N6/egn06w.2287E+02,bad
nstx_120113/N6/egn06w.2540E+02,bad
nstx_120113/N6/egn06w.3039E+02,bad
nstx_120113/N6/egn06w.3581E+02,bad
nstx_120113/N6/egn06w.5002E+02,bad
nstx_120113/N6/egn06w.5046E+02,bad
nstx_120113/N6/egn06w.5483E+02,bad
nstx_120113/N6/egn06w.5589E+02,bad
nstx_120113/N6/egn06w.5819E+02,bad
nstx_120113/N6/egn06w.5825E+02,bad
nstx_120113/N6/egn06w.5841E+02,bad
nstx_120113/N6/egn06w.5887E+02,bad
nstx_120113/N6/egn06w.5930E+02,bad
nstx_120113/N6/egn06w.5960E+02,bad
nstx_120113/N6/egn06w.8903E+01,bad
nstx_120113/N6/egn06w.8975E+01,bad
nstx_120113/N6/egn06w.9044E+01,bad
nstx_120113/N6/egn06w.9087E+01,bad
nstx_120113/N6/egn06w.9281E+01,good
nstx_120113/N6/egn06w.9423E+01,good
nstx_120113/N6/egn06w.9881E+01,bad
nstx_120113/N7/egn07w.1057E+02,good
nstx_120113/N7/egn07w.1117E+02,bad
nstx_120113/N7/egn07w.1121E+02,bad
nstx_120113/N7/egn07w.1130E+02,bad
nstx_120113/N7/egn07w.1146E+02,bad
nstx_120113/N7/egn07w.1162E+02,bad
nstx_120113/N7/egn07w.1187E+02,good
nstx_120113/N7/egn07w.1216E+02,bad
nstx_120113/N7/egn07w.1639E+02,good
nstx_120113/N7/egn07w.1753E+02,bad
nstx_120113/N7/egn07w.1976E+02,good
nstx_120113/N7/egn07w.2123E+02,bad
nstx_120113/N7/egn07w.2156E+02,bad
nstx_120113/N7/egn07w.2190E+02,bad
nstx_120113/N7/egn07w.2630E+02,bad
nstx_120113/N7/egn07w.2914E+02,bad
nstx_120113/N7/egn07w.2965E+02,bad
nstx_120113/N7/egn07w.3017E+02,bad
nstx_120113/N7/egn07w.3069E+02,bad
nstx_120113/N7/egn07w.3192E+02,bad
nstx_120113/N7/egn07w.4149E+02,bad
nstx_120113/N7/egn07w.4543E+02,bad
nstx_120113/N7/egn07w.4562E+02,bad
nstx_120113/N7/egn07w.4985E+02,bad
nstx_120113/N7/egn07w.5141E+02,bad
nstx_120113/N7/egn07w.5154E+02,bad
nstx_120113/N7/egn07w.5162E+02,bad
nstx_120113/N7/egn07w.5179E+02,bad
nstx_120113/N7/egn07w.5193E+02,bad
nstx_120113/N7/egn07w.5204E+02,bad
nstx_120113/N7/egn07w.5230E+02,bad
nstx_120113/N7/egn07w.6041E+01,bad
nstx_120113/N8/egn08w.1032E+02,good
nstx_120113/N8/egn08w.1172E+02,good
nstx_120113/N8/egn08w.1321E+02,good
nstx_120113/N8/egn08w.1530E+02,good
nstx_120113/N8/egn08w.1802E+02,good
nstx_120113/N8/egn08w.2101E+02,good
nstx_120113/N8/egn08w.2338E+02,bad
nstx_120113/N8/egn08w.2371E+02,bad
nstx_120113/N8/egn08w.2397E+02,good
nstx_120113/N8/egn08w.2405E+02,bad
nstx_120113/N8/egn08w.2438E+02,bad
nstx_120113/N8/egn08w.2473E+02,bad
nstx_120113/N8/egn08w.2507E+02,bad
nstx_120113/N8/egn08w.2543E+02,bad
nstx_120113/N8/egn08w.2765E+02,bad
nstx_120113/N8/egn08w.4617E+02,bad
nstx_120113/N8/egn08w.4740E+02,bad
nstx_120113/N8/egn08w.5127E+02,bad
nstx_120113/N8/egn08w.5319E+02,bad
nstx_120113/N8/egn08w.9014E+01,good
nstx_120113/N8/egn08w.9477E+01,good
nstx_120113/N9/egn09w.1011E+02,good
nstx_120113/N9/egn09w.1136E+02,good
nstx_120113/N9/egn09w.1386E+02,bad
nstx_120113/N9/egn09w.1638E+02,good
nstx_120113/N9/egn09w.2203E+02,good
nstx_120113/N9/egn09w.2352E+02,bad
nstx_120113/N9/egn09w.2391E+02,bad
nstx_120113/N9/egn09w.2431E+02,bad
nstx_120113/N9/egn09w.2509E+02,good
nstx_120113/N9/egn09w.2877E+02,good
nstx_120113/N9/egn09w.3055E+02,bad
nstx_120113/N9/egn09w.4356E+02,bad
nstx_120113/N9/egn09w.4398E+02,bad
nstx_120113/N9/egn09w.4423E+02,bad
nstx_120113/N9/egn09w.4806E+02,bad
nstx_120113/N9/egn09w.4885E+02,bad
nstx_120113/N9/egn09w.5240E+01,bad
nstx_120113/N9/egn09w.5398E+02,bad
nstx_120113/N9/egn09w.9464E+01,good
nstx_120113/N9/egn09w.9909E+01,good
nstx_135388/N1/egn01w.1016E+03,bad
nstx_135388/N1/egn01w.1041E+03,bad
nstx_135388/N1/egn01w.1061E+03,bad
nstx_135388/N1/egn01w.1384E+02,bad
nstx_135388/N1/egn01w.1934E+02,bad
nstx_135388/N1/egn01w.1963E+02,bad
nstx_135388/N1/egn01w.1991E+02,bad
nstx_135388/N1/egn01w.2018E+02,bad
nstx_135388/N1/egn01w.2068E+02,bad
nstx_135388/N1/egn01w.2092E+02,bad
nstx_135388/N1/egn01w.2115E+02,bad
nstx_135388/N1/egn01w.2137E+02,bad
nstx_135388/N1/egn01w.2159E+02,bad
nstx_135388/N1/egn01w.2180E+02,bad
nstx_135388/N1/egn01w.2200E+02,bad
nstx_135388/N1/egn01w.2220E+02,bad
nstx_135388/N1/egn01w.2239E+02,bad
nstx_135388/N1/egn01w.2277E+02,bad
nstx_135388/N1/egn01w.2296E+02,bad
nstx_135388/N1/egn01w.2732E+02,good
nstx_135388/N1/egn01w.2876E+02,bad
nstx_135388/N1/egn01w.2885E+02,bad
nstx_135388/N1/egn01w.2905E+02,bad
nstx_135388/N1/egn01w.3423E+02,bad
nstx_135388/N1/egn01w.6038E+02,bad
nstx_135388/N1/egn01w.6121E+02,bad
nstx_135388/N1/egn01w.6206E+02,bad
nstx_135388/N1/egn01w.6294E+02,bad
nstx_135388/N1/egn01w.6476E+02,bad
nstx_135388/N10/egn10w.1031E+02,bad
nstx_135388/N10/egn10w.1057E+02,bad
nstx_135388/N10/egn10w.1104E+03,bad
nstx_135388/N10/egn10w.1113E+03,bad
nstx_135388/N10/egn10w.1143E+02,bad
nstx_135388/N10/egn10w.1150E+03,bad
nstx_135388/N10/egn10w.1184E+02,bad
nstx_135388/N10/egn10w.1611E+02,bad
nstx_135388/N10/egn10w.1906E+02,bad
nstx_135388/N10/egn10w.2001E+02,bad
nstx_135388/N10/egn10w.2033E+02,bad
nstx_135388/N10/egn10w.2055E+02,bad
nstx_135388/N10/egn10w.2074E+02,bad
nstx_135388/N10/egn10w.2094E+02,good
nstx_135388/N10/egn10w.2132E+02,bad
nstx_135388/N10/egn10w.2601E+02,good
nstx_135388/N10/egn10w.2649E+02,bad
nstx_135388/N10/egn10w.2680E+02,good
nstx_135388/N10/egn10w.2703E+02,good
nstx_135388/N10/egn10w.2723E+02,good
nstx_135388/N10/egn10w.2742E+02,good
nstx_135388/N10/egn10w.2748E+02,bad
nstx_135388/N10/egn10w.2832E+02,good
nstx_135388/N10/egn10w.2864E+02,good
nstx_135388/N10/egn10w.3008E+02,good
nstx_135388/N10/egn10w.3102E+02,good
nstx_135388/N10/egn10w.3169E+02,good
nstx_135388/N10/egn10w.3245E+02,good
nstx_135388/N10/egn10w.3375E+02,good
nstx_135388/N10/egn10w.3492E+02,good
nstx_135388/N10/egn10w.3656E+02,bad
nstx_135388/N10/egn10w.3674E+02,good
nstx_135388/N10/egn10w.3896E+02,bad
nstx_135388/N10/egn10w.3919E+02,bad
nstx_135388/N10/egn10w.3932E+02,good
nstx_135388/N10/egn10w.3935E+02,bad
nstx_135388/N10/egn10w.4242E+02,good
nstx_135388/N10/egn10w.4420E+02,bad
nstx_135388/N10/egn10w.4546E+02,good
nstx_135388/N10/egn10w.4673E+02,bad
nstx_135388/N10/egn10w.4697E+02,bad
nstx_135388/N10/egn10w.4807E+02,good
nstx_135388/N10/egn10w.4830E+02,bad
nstx_135388/N10/egn10w.5021E+02,bad
nstx_135388/N10/egn10w.5198E+02,bad
nstx_135388/N10/egn10w.5222E+02,good
nstx_135388/N10/egn10w.5238E+02,bad
nstx_135388/N10/egn10w.5526E+02,good
nstx_135388/N10/egn10w.5764E+02,bad
nstx_135388/N10/egn10w.5988E+02,good
nstx_135388/N10/egn10w.6074E+02,bad
nstx_135388/N10/egn10w.6459E+02,good
nstx_135388/N10/egn10w.6962E+02,good
nstx_135388/N10/egn10w.7201E+02,bad
nstx_135388/N10/egn10w.7216E+02,bad
nstx_135388/N10/egn10w.7391E+02,bad
nstx_135388/N10/egn10w.7431E+02,bad
nstx_135388/N10/egn10w.7439E+02,bad
nstx_135388/N10/egn10w.7465E+02,good
nstx_135388/N10/egn10w.7706E+02,bad
nstx_135388/N10/egn10w.7952E+02,good
nstx_135388/N10/egn10w.8098E+02,bad
nstx_135388/N10/egn10w.8178E+02,bad
nstx_135388/N10/egn10w.8535E+02,bad
nstx_135388/N10/egn10w.9093E+02,good
nstx_135388/N10/egn10w.9310E+02,good
nstx_135388/N2/egn02w.1187E+03,bad
nstx_135388/N2/egn02w.1205E+02,bad
nstx_135388/N2/egn02w.1612E+02,good
nstx_135388/N2/egn02w.1754E+02,good
nstx_135388/N2/egn02w.1770E+02,good
nstx_135388/N2/egn02w.2436E+02,bad
nstx_135388/N2/egn02w.2444E+02,bad
nstx_135388/N2/egn02w.2470E+02,bad
nstx_135388/N2/egn02w.2483E+02,bad
nstx_135388/N2/egn02w.2504E+02,bad
nstx_135388/N2/egn02w.2528E+02,bad
nstx_135388/N2/egn02w.2560E+02,bad
nstx_135388/N2/egn02w.2608E+02,bad
nstx_135388/N2/egn02w.2662E+02,bad
nstx_135388/N2/egn02w.2759E+02,good
nstx_135388/N2/egn02w.3004E+02,good
nstx_135388/N2/egn02w.3170E+02,good
nstx_135388/N2/egn02w.3452E+02,bad
nstx_135388/N2/egn02w.3540E+02,good
nstx_135388/N2/egn02w.4018E+02,bad
nstx_135388/N2/egn02w.4066E+02,bad
nstx_135388/N2/egn02w.4216E+02,bad
nstx_135388/N2/egn02w.4231E+02,bad
nstx_135388/N2/egn02w.6062E+02,bad
nstx_135388/N3/egn03w.1032E+02,bad
nstx_135388/N3/egn03w.1151E+03,bad
nstx_135388/N3/egn03w.1321E+02,bad
nstx_135388/N3/egn03w.1541E+02,good
nstx_135388/N3/egn03w.2023E+02,bad
nstx_135388/N3/egn03w.2326E+02,bad
nstx_135388/N3/egn03w.2558E+02,bad
nstx_135388/N3/egn03w.2677E+02,bad
nstx_135388/N3/egn03w.2764E+02,good
nstx_135388/N3/egn03w.2917E+02,good
nstx_135388/N3/egn03w.2999E+02,bad
nstx_135388/N3/egn03w.3194E+02,good
nstx_135388/N3/egn03w.3321E+02,good
nstx_135388/N3/egn03w.3443E+02,bad
nstx_135388/N3/egn03w.3446E+02,bad
nstx_135388/N3/egn03w.3513E+02,bad
nstx_135388/N3/egn03w.4022E+02,good
nstx_135388/N3/egn03w.4409E+02,bad
nstx_135388/N3/egn03w.4432E+02,good
nstx_135388/N3/egn03w.5495E+02,bad
nstx_135388/N3/egn03w.7148E+02,bad
nstx_135388/N3/egn03w.7934E+02,good
nstx_135388/N3/egn03w.7991E+02,bad
nstx_135388/N4/egn04w.1061E+02,bad
nstx_135388/N4/egn04w.1135E+03,bad
nstx_135388/N4/egn04w.1200E+03,bad
nstx_135388/N4/egn04w.1894E+02,good
nstx_135388/N4/egn04w.1910E+02,good
nstx_135388/N4/egn04w.2013E+02,good
nstx_135388/N4/egn04w.2230E+02,bad
nstx_135388/N4/egn04w.2289E+02,good
nstx_135388/N4/egn04w.2792E+02,good
nstx_135388/N4/egn04w.2835E+02,good
nstx_135388/N4/egn04w.2986E+02,bad
nstx_135388/N4/egn04w.3241E+02,good
nstx_135388/N4/egn04w.3287E+02,good
nstx_135388/N4/egn04w.3862E+02,good
nstx_135388/N4/egn04w.4640E+02,good
nstx_135388/N4/egn04w.5200E+02,good
nstx_135388/N4/egn04w.5270E+02,bad
nstx_135388/N4/egn04w.6101E+02,good
nstx_135388/N4/egn04w.6778E+02,bad
nstx_135388/N4/egn04w.6847E+02,good
nstx_135388/N4/egn04w.7341E+02,bad
nstx_135388/N4/egn04w.7833E+02,bad
nstx_135388/N5/egn05w.1073E+03,bad
nstx_135388/N5/egn05w.1083E+03,bad
nstx_135388/N5/egn05w.1186E+03,bad
nstx_135388/N5/egn05w.1528E+02,bad
nstx_135388/N5/egn05w.1626E+02,bad
nstx_135388/N5/egn05w.1702E+02,good
nstx_135388/N5/egn05w.1781E+02,good
nstx_135388/N5/egn05w.1917E+02,good
nstx_135388/N5/egn05w.2098E+02,good
nstx_135388/N5/egn05w.2653E+02,bad
nstx_135388/N5/egn05w.2892E+02,bad
nstx_135388/N5/egn05w.2950E+02,good
nstx_135388/N5/egn05w.3057E+02,good
nstx_135388/N5/egn05w.3249E+02,good
nstx_135388/N5/egn05w.3570E+02,good
nstx_135388/N5/egn05w.3740E+02,bad
nstx_135388/N5/egn05w.4285E+02,good
nstx_135388/N5/egn05w.4681E+02,bad
nstx_135388/N5/egn05w.4716E+02,bad
nstx_135388/N5/egn05w.4798E+02,bad
nstx_135388/N5/egn05w.4812E+02,bad
nstx_135388/N5/egn05w.5005E+02,good
nstx_135388/N5/egn05w.5648E+02,good
nstx_135388/N5/egn05w.5855E+02,bad
nstx_135388/N5/egn05w.5997E+02,good
nstx_135388/N5/egn05w.6203E+02,good
nstx_135388/N5/egn05w.7266E+02,bad
nstx_135388/N5/egn05w.8395E+02,good
nstx_135388/N5/egn05w.9050E+02,good
nstx_135388/N6/egn06w.1028E+03,bad
nstx_135388/N6/egn06w.1180E+03,good
nstx_135388/N6/egn06w.1606E+02,bad
nstx_135388/N6/egn06w.1639E+02,bad
nstx_135388/N6/egn06w.2105E+02,good
nstx_135388/N6/egn06w.2240E+02,bad
nstx_135388/N6/egn06w.2279E+02,good
nstx_135388/N6/egn06w.2450E+02,good
nstx_135388/N6/egn06w.2682E+02,good
nstx_135388/N6/egn06w.2719E+02,bad
nstx_135388/N6/egn06w.2786E+02,good
nstx_135388/N6/egn06w.2864E+02,bad
nstx_135388/N6/egn06w.3008E+02,good
nstx_135388/N6/egn06w.3147E+02,good
nstx_135388/N6/egn06w.3259E+02,bad
nstx_135388/N6/egn06w.3274E+02,bad
nstx_135388/N6/egn06w.3279E+02,bad
nstx_135388/N6/egn06w.3297E+02,bad
nstx_135388/N6/egn06w.3302E+02,good
nstx_135388/N6/egn06w.3306E+02,bad
nstx_135388/N6/egn06w.3468E+02,good
nstx_135388/N6/egn06w.3557E+02,good
nstx_135388/N6/egn06w.3792E+02,good
nstx_135388/N6/egn06w.4024E+02,good
nstx_135388/N6/egn06w.4121E+02,good,bad
nstx_135388/N6/egn06w.4312E+02,good
nstx_135388/N6/egn06w.4344E+02,bad
nstx_135388/N6/egn06w.4381E+02,bad
nstx_135388/N6/egn06w.4398E+02,bad
nstx_135388/N6/egn06w.4439E+02,bad
nstx_135388/N6/egn06w.4448E+02,bad
nstx_135388/N6/egn06w.4502E+02,bad
nstx_135388/N6/egn06w.4588E+02,bad
nstx_135388/N6/egn06w.4630E+02,bad
nstx_135388/N6/egn06w.4672E+02,bad
nstx_135388/N6/egn06w.4763E+02,good
nstx_135388/N6/egn06w.4913E+02,bad
nstx_135388/N6/egn06w.5196E+02,good
nstx_135388/N6/egn06w.5212E+02,bad
nstx_135388/N6/egn06w.5263E+02,good
nstx_135388/N6/egn06w.5344E+02,good
nstx_135388/N6/egn06w.5877E+02,good
nstx_135388/N6/egn06w.5943E+02,good
nstx_135388/N6/egn06w.6072E+02,bad
nstx_135388/N6/egn06w.6149E+02,bad
nstx_135388/N6/egn06w.6172E+02,bad
nstx_135388/N6/egn06w.6272E+02,bad
nstx_135388/N6/egn06w.6479E+02,good
nstx_135388/N6/egn06w.6996E+02,bad
nstx_135388/N6/egn06w.7164E+02,good
nstx_135388/N6/egn06w.7294E+02,good
nstx_135388/N6/egn06w.7398E+02,bad
nstx_135388/N6/egn06w.7937E+02,good
nstx_135388/N6/egn06w.8126E+02,good
nstx_135388/N6/egn06w.8307E+02,bad
nstx_135388/N6/egn06w.9258E+02,good
nstx_135388/N6/egn06w.9630E+02,bad
nstx_135388/N7/egn07w.1043E+03,bad
nstx_135388/N7/egn07w.1044E+03,bad
nstx_135388/N7/egn07w.1071E+03,bad
nstx_135388/N7/egn07w.1128E+02,bad
nstx_135388/N7/egn07w.1153E+03,bad
nstx_135388/N7/egn07w.1168E+03,good
nstx_135388/N7/egn07w.1181E+03,bad
nstx_135388/N7/egn07w.1523E+02,bad
nstx_135388/N7/egn07w.1739E+02,bad
nstx_135388/N7/egn07w.1774E+02,bad
nstx_135388/N7/egn07w.1794E+02,good
nstx_135388/N7/egn07w.1863E+02,good
nstx_135388/N7/egn07w.1960E+02,good
nstx_135388/N7/egn07w.2113E+02,good
nstx_135388/N7/egn07w.2223E+02,good
nstx_135388/N7/egn07w.2315E+02,bad
nstx_135388/N7/egn07w.2354E+02,bad
nstx_135388/N7/egn07w.2428E+02,bad
nstx_135388/N7/egn07w.2439E+02,bad
nstx_135388/N7/egn07w.2446E+02,bad
nstx_135388/N7/egn07w.2645E+02,bad
nstx_135388/N7/egn07w.2660E+02,bad
nstx_135388/N7/egn07w.2680E+02,good
nstx_135388/N7/egn07w.2891E+02,good
nstx_135388/N7/egn07w.2912E+02,bad
nstx_135388/N7/egn07w.2971E+02,good
nstx_135388/N7/egn07w.2994E+02,good
nstx_135388/N7/egn07w.3047E+02,good
nstx_135388/N7/egn07w.3129E+02,good
nstx_135388/N7/egn07w.3182E+02,good
nstx_135388/N7/egn07w.3304E+02,good
nstx_135388/N7/egn07w.3351E+02,bad
nstx_135388/N7/egn07w.3414E+02,bad
nstx_135388/N7/egn07w.3518E+02,good
nstx_135388/N7/egn07w.3787E+02,good
nstx_135388/N7/egn07w.3879E+02,good
nstx_135388/N7/egn07w.4072E+02,good
nstx_135388/N7/egn07w.4138E+02,bad
nstx_135388/N7/egn07w.4234E+02,bad
nstx_135388/N7/egn07w.4257E+02,bad
nstx_135388/N7/egn07w.4289E+02,bad
nstx_135388/N7/egn07w.4304E+02,good
nstx_135388/N7/egn07w.4354E+02,bad
nstx_135388/N7/egn07w.4391E+02,bad
nstx_135388/N7/egn07w.4436E+02,bad
nstx_135388/N7/egn07w.4463E+02,good
nstx_135388/N7/egn07w.4534E+02,bad
nstx_135388/N7/egn07w.4581E+02,bad
nstx_135388/N7/egn07w.4641E+02,bad
nstx_135388/N7/egn07w.4763E+02,bad
nstx_135388/N7/egn07w.4771E+02,bad
nstx_135388/N7/egn07w.4868E+02,bad
nstx_135388/N7/egn07w.4871E+02,good
nstx_135388/N7/egn07w.4884E+02,bad
nstx_135388/N7/egn07w.4950E+02,good
nstx_135388/N7/egn07w.5159E+02,bad
nstx_135388/N7/egn07w.5256E+02,bad
nstx_135388/N7/egn07w.5504E+02,good
nstx_135388/N7/egn07w.5560E+02,bad
nstx_135388/N7/egn07w.5702E+02,bad
nstx_135388/N7/egn07w.5710E+02,bad
nstx_135388/N7/egn07w.5966E+02,bad
nstx_135388/N7/egn07w.6105E+02,good
nstx_135388/N7/egn07w.7197E+02,bad
nstx_135388/N7/egn07w.7225E+02,good
nstx_135388/N7/egn07w.8037E+02,bad
nstx_135388/N7/egn07w.8224E+02,good
nstx_135388/N7/egn07w.8433E+02,bad
nstx_135388/N7/egn07w.8499E+02,bad
nstx_135388/N7/egn07w.9318E+02,good
nstx_135388/N7/egn07w.9511E+02,good
nstx_135388/N8/egn08w.1026E+03,good
nstx_135388/N8/egn08w.1040E+02,bad
nstx_135388/N8/egn08w.1049E+03,good
nstx_135388/N8/egn08w.1188E+03,bad
nstx_135388/N8/egn08w.1210E+02,bad
nstx_135388/N8/egn08w.1540E+02,bad
nstx_135388/N8/egn08w.1668E+02,bad
nstx_135388/N8/egn08w.1782E+02,bad
nstx_135388/N8/egn08w.1968E+02,good
nstx_135388/N8/egn08w.1986E+02,bad
nstx_135388/N8/egn08w.2001E+02,bad
nstx_135388/N8/egn08w.2017E+02,bad
nstx_135388/N8/egn08w.2057E+02,good
nstx_135388/N8/egn08w.2079E+02,bad
nstx_135388/N8/egn08w.2196E+02,good
nstx_135388/N8/egn08w.2243E+02,bad
nstx_135388/N8/egn08w.2308E+02,bad
nstx_135388/N8/egn08w.2389E+02,bad
nstx_135388/N8/egn08w.2459E+02,bad
nstx_135388/N8/egn08w.2554E+02,bad
nstx_135388/N8/egn08w.2654E+02,bad
nstx_135388/N8/egn08w.2714E+02,good
nstx_135388/N8/egn08w.2796E+02,good
nstx_135388/N8/egn08w.2812E+02,good
nstx_135388/N8/egn08w.2861E+02,good
nstx_135388/N8/egn08w.3005E+02,bad
nstx_135388/N8/egn08w.3061E+02,good
nstx_135388/N8/egn08w.3070E+02,bad
nstx_135388/N8/egn08w.3109E+02,good
nstx_135388/N8/egn08w.3112E+02,good
nstx_135388/N8/egn08w.3134E+02,bad
nstx_135388/N8/egn08w.3207E+02,good
nstx_135388/N8/egn08w.3255E+02,bad
nstx_135388/N8/egn08w.3275E+02,good
nstx_135388/N8/egn08w.3307E+02,good
nstx_135388/N8/egn08w.3344E+02,good
nstx_135388/N8/egn08w.3508E+02,good
nstx_135388/N8/egn08w.3646E+02,good
nstx_135388/N8/egn08w.3823E+02,good
nstx_135388/N8/egn08w.3991E+02,bad
nstx_135388/N8/egn08w.4015E+02,good
nstx_135388/N8/egn08w.4042E+02,bad
nstx_135388/N8/egn08w.4065E+02,bad
nstx_135388/N8/egn08w.4101E+02,bad
nstx_135388/N8/egn08w.4130E+02,good
nstx_135388/N8/egn08w.4143E+02,bad
nstx_135388/N8/egn08w.4195E+02,bad
nstx_135388/N8/egn08w.4205E+02,bad
nstx_135388/N8/egn08w.4268E+02,bad
nstx_135388/N8/egn08w.4340E+02,bad
nstx_135388/N8/egn08w.4351E+02,bad
nstx_135388/N8/egn08w.4365E+02,good
nstx_135388/N8/egn08w.4787E+02,good
nstx_135388/N8/egn08w.5014E+02,good
nstx_135388/N8/egn08w.5087E+02,bad
nstx_135388/N8/egn08w.5182E+02,good
nstx_135388/N8/egn08w.5197E+02,bad
nstx_135388/N8/egn08w.5249E+02,bad
nstx_135388/N8/egn08w.5412E+02,bad
nstx_135388/N8/egn08w.5498E+02,bad
nstx_135388/N8/egn08w.5652E+02,good
nstx_135388/N8/egn08w.5708E+02,good
nstx_135388/N8/egn08w.6063E+02,bad
nstx_135388/N8/egn08w.6162E+02,good
nstx_135388/N8/egn08w.6258E+02,good
nstx_135388/N8/egn08w.6603E+02,good
nstx_135388/N8/egn08w.6770E+02,bad
nstx_135388/N8/egn08w.6810E+02,bad
nstx_135388/N8/egn08w.6824E+02,good
nstx_135388/N8/egn08w.7043E+02,good
nstx_135388/N8/egn08w.7239E+02,good
nstx_135388/N8/egn08w.7330E+02,good
nstx_135388/N8/egn08w.7827E+02,good
nstx_135388/N8/egn08w.7895E+02,bad
nstx_135388/N8/egn08w.7957E+02,bad
nstx_135388/N8/egn08w.8043E+02,good
nstx_135388/N8/egn08w.8622E+02,good
nstx_135388/N8/egn08w.8813E+02,bad
nstx_135388/N8/egn08w.9250E+02,bad
nstx_135388/N8/egn08w.9271E+02,good
nstx_135388/N8/egn08w.9417E+02,bad
nstx_135388/N8/egn08w.9850E+02,bad
nstx_135388/N9/egn09w.1010E+03,good
nstx_135388/N9/egn09w.1016E+02,bad
nstx_135388/N9/egn09w.1047E+03,bad
nstx_135388/N9/egn09w.1073E+02,bad
nstx_135388/N9/egn09w.1110E+03,good
nstx_135388/N9/egn09w.1125E+03,bad
nstx_135388/N9/egn09w.1128E+02,bad
nstx_135388/N9/egn09w.1129E+03,bad
nstx_135388/N9/egn09w.1148E+03,good
nstx_135388/N9/egn09w.1510E+02,bad
nstx_135388/N9/egn09w.1548E+02,bad
nstx_135388/N9/egn09w.1691E+02,good
nstx_135388/N9/egn09w.1722E+02,bad
nstx_135388/N9/egn09w.1792E+02,bad
nstx_135388/N9/egn09w.1853E+02,bad
nstx_135388/N9/egn09w.1874E+02,bad
nstx_135388/N9/egn09w.1899E+02,good
nstx_135388/N9/egn09w.1938E+02,good
nstx_135388/N9/egn09w.1953E+02,bad
nstx_135388/N9/egn09w.1959E+02,bad
nstx_135388/N9/egn09w.1979E+02,bad
nstx_135388/N9/egn09w.1996E+02,bad
nstx_135388/N9/egn09w.2020E+02,bad
nstx_135388/N9/egn09w.2134E+02,bad
nstx_135388/N9/egn09w.2150E+02,good
nstx_135388/N9/egn09w.2182E+02,bad
nstx_135388/N9/egn09w.2311E+02,bad
nstx_135388/N9/egn09w.2357E+02,bad
nstx_135388/N9/egn09w.2407E+02,good
nstx_135388/N9/egn09w.2459E+02,bad
nstx_135388/N9/egn09w.2507E+02,good
nstx_135388/N9/egn09w.2521E+02,bad
nstx_135388/N9/egn09w.2558E+02,bad
nstx_135388/N9/egn09w.2629E+02,good
nstx_135388/N9/egn09w.2658E+02,bad
nstx_135388/N9/egn09w.2699E+02,bad,good
nstx_135388/N9/egn09w.2747E+02,good
nstx_135388/N9/egn09w.2761E+02,good
nstx_135388/N9/egn09w.2796E+02,good
nstx_135388/N9/egn09w.2887E+02,good
nstx_135388/N9/egn09w.2889E+02,good
nstx_135388/N9/egn09w.2926E+02,good
nstx_135388/N9/egn09w.3044E+02,good
nstx_135388/N9/egn09w.3045E+02,bad
nstx_135388/N9/egn09w.3097E+02,good
nstx_135388/N9/egn09w.3127E+02,good
nstx_135388/N9/egn09w.3312E+02,good
nstx_135388/N9/egn09w.3351E+02,good
nstx_135388/N9/egn09w.3405E+02,good
nstx_135388/N9/egn09w.3451E+02,good
nstx_135388/N9/egn09w.3582E+02,bad
nstx_135388/N9/egn09w.3593E+02,bad
nstx_135388/N9/egn09w.3602E+02,good
nstx_135388/N9/egn09w.3604E+02,bad
nstx_135388/N9/egn09w.3610E+02,bad
nstx_135388/N9/egn09w.3675E+02,bad
nstx_135388/N9/egn09w.3889E+02,bad
nstx_135388/N9/egn09w.3933E+02,bad
nstx_135388/N9/egn09w.3991E+02,bad
nstx_135388/N9/egn09w.4023E+02,bad
nstx_135388/N9/egn09w.4027E+02,good
nstx_135388/N9/egn09w.4060E+02,good
nstx_135388/N9/egn09w.4084E+02,bad
nstx_135388/N9/egn09w.4135E+02,bad
nstx_135388/N9/egn09w.4171E+02,bad
nstx_135388/N9/egn09w.4199E+02,good
nstx_135388/N9/egn09w.4349E+02,good,bad
nstx_135388/N9/egn09w.4496E+02,good
nstx_135388/N9/egn09w.4641E+02,good,bad
nstx_135388/N9/egn09w.4652E+02,bad
nstx_135388/N9/egn09w.4657E+02,bad
nstx_135388/N9/egn09w.4887E+02,bad
nstx_135388/N9/egn09w.4991E+02,bad
nstx_135388/N9/egn09w.5019E+02,good
nstx_135388/N9/egn09w.5020E+02,good
nstx_135388/N9/egn09w.5059E+02,bad
nstx_135388/N9/egn09w.5225E+02,bad
nstx_135388/N9/egn09w.5269E+02,bad
nstx_135388/N9/egn09w.5583E+02,bad
nstx_135388/N9/egn09w.5617E+02,good
nstx_135388/N9/egn09w.5718E+02,bad
nstx_135388/N9/egn09w.5860E+02,good
nstx_135388/N9/egn09w.5991E+02,bad
nstx_135388/N9/egn09w.6110E+02,good
nstx_135388/N9/egn09w.6156E+02,bad
nstx_135388/N9/egn09w.6252E+02,good
nstx_135388/N9/egn09w.6899E+02,bad
nstx_135388/N9/egn09w.6908E+02,good
nstx_135388/N9/egn09w.6994E+02,bad
nstx_135388/N9/egn09w.7246E+02,bad
nstx_135388/N9/egn09w.7416E+02,good
nstx_135388/N9/egn09w.7772E+02,good
nstx_135388/N9/egn09w.7829E+02,bad
nstx_135388/N9/egn09w.7932E+02,good
nstx_135388/N9/egn09w.7961E+02,bad
nstx_135388/N9/egn09w.8259E+02,bad
nstx_135388/N9/egn09w.8281E+02,bad
nstx_135388/N9/egn09w.8313E+02,bad
nstx_135388/N9/egn09w.8324E+02,bad
nstx_135388/N9/egn09w.8433E+02,bad
nstx_135388/N9/egn09w.8950E+02,good
nstx_135388/N9/egn09w.9260E+02,bad
nstx_135388/N9/egn09w.9497E+02,bad
nstx_135388/N9/egn09w.9525E+02,bad
nstx_135388/N9/egn09w.9754E+02,bad
nstx_135388/N9/egn09w.9788E+02,bad
nstx_141711/N1/egn01w.7183E+02,good
nstx_141711/N2/egn02w.2289E+03,bad
nstx_141711/N2/egn02w.2357E+02,bad
nstx_141711/N2/egn02w.4308E+02,good
nstx_141711/N2/egn02w.4512E+02,good
nstx_141711/N2/egn02w.4662E+02,bad
nstx_141711/N2/egn02w.5602E+02,good
nstx_141711/N2/egn02w.6447E+02,bad
nstx_141711/N2/egn02w.6783E+02,bad
nstx_141711/N3/egn03w.1129E+03,bad
nstx_141711/N3/egn03w.1289E+03,bad
nstx_141711/N3/egn03w.1292E+03,bad
nstx_141711/N3/egn03w.1493E+03,bad
nstx_141711/N3/egn03w.2060E+02,bad
nstx_141711/N3/egn03w.2477E+02,bad
nstx_141711/N3/egn03w.3049E+02,bad
nstx_141711/N3/egn03w.3060E+02,bad
nstx_141711/N3/egn03w.3072E+02,bad
nstx_141711/N3/egn03w.3087E+02,bad
nstx_141711/N3/egn03w.3106E+02,bad
nstx_141711/N3/egn03w.3126E+02,bad
nstx_141711/N3/egn03w.3150E+02,good
nstx_141711/N3/egn03w.3189E+02,good
nstx_141711/N3/egn03w.3229E+02,good
nstx_141711/N3/egn03w.3264E+02,bad
nstx_141711/N3/egn03w.3350E+02,bad
nstx_141711/N3/egn03w.3421E+02,good
nstx_141711/N3/egn03w.4150E+02,bad
nstx_141711/N3/egn03w.4255E+02,bad
nstx_141711/N3/egn03w.5246E+02,good
nstx_141711/N3/egn03w.5980E+02,good
nstx_141711/N3/egn03w.6735E+02,bad
nstx_141711/N3/egn03w.8627E+02,bad
nstx_141711/N4/egn04w.1003E+03,bad
nstx_141711/N4/egn04w.1226E+03,bad
nstx_141711/N4/egn04w.1521E+03,bad
nstx_141711/N4/egn04w.2108E+02,bad
nstx_141711/N4/egn04w.2251E+02,bad
nstx_141711/N4/egn04w.2483E+02,bad
nstx_141711/N4/egn04w.2511E+02,bad
nstx_141711/N4/egn04w.2722E+02,good
nstx_141711/N4/egn04w.3127E+02,bad
nstx_141711/N4/egn04w.3557E+02,bad
nstx_141711/N4/egn04w.4674E+02,bad
nstx_141711/N4/egn04w.4712E+02,bad
nstx_141711/N4/egn04w.4751E+02,bad
nstx_141711/N4/egn04w.4804E+02,bad
nstx_141711/N4/egn04w.4841E+02,bad
nstx_141711/N4/egn04w.4863E+02,good
nstx_141711/N4/egn04w.5818E+02,good
nstx_141711/N4/egn04w.7956E+02,good
nstx_141711/N4/egn04w.8898E+02,bad
nstx_141711/N5/egn05w.1019E+03,bad
nstx_141711/N5/egn05w.1251E+03,bad
nstx_141711/N5/egn05w.1919E+03,bad
nstx_141711/N5/egn05w.2234E+03,bad
nstx_141711/N5/egn05w.2443E+02,bad
nstx_141711/N5/egn05w.2455E+02,bad
nstx_141711/N5/egn05w.2526E+02,bad
nstx_141711/N5/egn05w.3326E+02,bad
nstx_141711/N5/egn05w.3338E+02,bad
nstx_141711/N5/egn05w.3366E+02,bad
nstx_141711/N5/egn05w.3417E+02,bad
nstx_141711/N5/egn05w.3429E+02,bad
nstx_141711/N5/egn05w.3646E+02,bad
nstx_141711/N5/egn05w.3732E+02,good
nstx_141711/N5/egn05w.3890E+02,bad
nstx_141711/N5/egn05w.3996E+02,good
nstx_141711/N5/egn05w.4326E+02,good
nstx_141711/N5/egn05w.4773E+02,good
nstx_141711/N5/egn05w.5596E+02,good
nstx_141711/N5/egn05w.6648E+02,good
nstx_141711/N5/egn05w.8185E+02,bad
nstx_141711/N5/egn05w.8838E+02,good
nstx_141711/N5/egn05w.9302E+02,bad
nstx_141711/N6/egn06w.1028E+03,bad
nstx_141711/N6/egn06w.1180E+03,bad
nstx_141711/N6/egn06w.1265E+03,good
nstx_141711/N6/egn06w.1429E+03,bad
nstx_141711/N6/egn06w.1603E+03,bad
nstx_141711/N6/egn06w.1606E+03,bad
nstx_141711/N6/egn06w.1611E+03,good
nstx_141711/N6/egn06w.1639E+03,bad
nstx_141711/N6/egn06w.2065E+03,bad
nstx_141711/N6/egn06w.2240E+02,bad
nstx_141711/N6/egn06w.2386E+03,bad
nstx_141711/N6/egn06w.2395E+03,bad
nstx_141711/N6/egn06w.2400E+03,bad
nstx_141711/N6/egn06w.2719E+02,bad
nstx_141711/N6/egn06w.2864E+02,bad
nstx_141711/N6/egn06w.3259E+02,bad
nstx_141711/N6/egn06w.3274E+02,bad
nstx_141711/N6/egn06w.3279E+02,bad
nstx_141711/N6/egn06w.3297E+02,bad
nstx_141711/N6/egn06w.3306E+02,bad
nstx_141711/N6/egn06w.3557E+02,good
nstx_141711/N6/egn06w.4024E+02,good
nstx_141711/N6/egn06w.4312E+02,good
nstx_141711/N6/egn06w.4763E+02,good
nstx_141711/N6/egn06w.5196E+02,good
nstx_141711/N6/egn06w.5877E+02,good
nstx_141711/N6/egn06w.6072E+02,good
nstx_141711/N6/egn06w.6996E+02,good
nstx_141711/N6/egn06w.7398E+02,bad
nstx_141711/N6/egn06w.8126E+02,good
nstx_141711/N6/egn06w.9258E+02,good
nstx_141711/N6/egn06w.9630E+02,bad
nstx_141711/N7/egn07w.1044E+03,bad
nstx_141711/N7/egn07w.1168E+03,good
nstx_141711/N7/egn07w.1225E+03,bad
nstx_141711/N7/egn07w.1348E+03,bad
nstx_141711/N7/egn07w.1500E+03,good
nstx_141711/N7/egn07w.1594E+03,good
nstx_141711/N7/egn07w.1825E+03,good
nstx_141711/N7/egn07w.1840E+03,good
nstx_141711/N7/egn07w.1973E+03,bad
nstx_141711/N7/egn07w.1975E+03,bad
nstx_141711/N7/egn07w.2019E+03,good
nstx_141711/N7/egn07w.2315E+02,bad
nstx_141711/N7/egn07w.2354E+02,bad
nstx_141711/N7/egn07w.2391E+03,bad
nstx_141711/N7/egn07w.2446E+02,bad
nstx_141711/N7/egn07w.2912E+02,good
nstx_141711/N7/egn07w.3047E+02,good
nstx_141711/N7/egn07w.3129E+02,good
nstx_141711/N7/egn07w.3351E+02,bad
nstx_141711/N7/egn07w.3787E+02,good
nstx_141711/N7/egn07w.3879E+02,good
nstx_141711/N7/egn07w.4072E+02,good
nstx_141711/N7/egn07w.4304E+02,good
nstx_141711/N7/egn07w.4771E+02,bad
nstx_141711/N7/egn07w.4871E+02,good
nstx_141711/N7/egn07w.4884E+02,bad
nstx_141711/N7/egn07w.5159E+02,bad
nstx_141711/N7/egn07w.5256E+02,bad
nstx_141711/N7/egn07w.8224E+02,good
nstx_141711/N7/egn07w.9318E+02,good
nstx_141711/N8/egn08w.1026E+03,good
nstx_141711/N8/egn08w.1049E+03,good
nstx_141711/N8/egn08w.1221E+03,bad
nstx_141711/N8/egn08w.1223E+03,bad
nstx_141711/N8/egn08w.1234E+03,bad
nstx_141711/N8/egn08w.1239E+03,good
nstx_141711/N8/egn08w.1296E+03,bad
nstx_141711/N8/egn08w.1470E+03,good
nstx_141711/N8/egn08w.1677E+03,bad
nstx_141711/N8/egn08w.1722E+03,bad
nstx_141711/N8/egn08w.1878E+03,good
nstx_141711/N8/egn08w.1953E+03,bad
nstx_141711/N8/egn08w.2017E+02,good
nstx_141711/N8/egn08w.2079E+02,bad
nstx_141711/N8/egn08w.2242E+03,bad
nstx_141711/N8/egn08w.2243E+02,bad
nstx_141711/N8/egn08w.2285E+03,bad
nstx_141711/N8/egn08w.2294E+03,bad
nstx_141711/N8/egn08w.2308E+02,bad
nstx_141711/N8/egn08w.2322E+03,bad
nstx_141711/N8/egn08w.2343E+03,bad
nstx_141711/N8/egn08w.2389E+02,bad
nstx_141711/N8/egn08w.2459E+02,bad
nstx_141711/N8/egn08w.2554E+02,bad
nstx_141711/N8/egn08w.3005E+02,bad
nstx_141711/N8/egn08w.3070E+02,bad
nstx_141711/N8/egn08w.3109E+02,good
nstx_141711/N8/egn08w.3134E+02,bad
nstx_141711/N8/egn08w.3255E+02,bad
nstx_141711/N8/egn08w.3275E+02,good
nstx_141711/N8/egn08w.3307E+02,good
nstx_141711/N8/egn08w.3646E+02,good
nstx_141711/N8/egn08w.4015E+02,good
nstx_141711/N8/egn08w.4130E+02,good
nstx_141711/N8/egn08w.4365E+02,good
nstx_141711/N8/egn08w.5014E+02,good
nstx_141711/N8/egn08w.5652E+02,good
nstx_141711/N8/egn08w.6162E+02,good
nstx_141711/N8/egn08w.7043E+02,good
nstx_141711/N8/egn08w.7895E+02,bad
nstx_141711/N8/egn08w.8043E+02,good
nstx_141711/N8/egn08w.9250E+02,bad
nstx_141711/N8/egn08w.9271E+02,good
nstx_141711/N9/egn09w.1010E+03,good
nstx_141711/N9/egn09w.1110E+03,good
nstx_141711/N9/egn09w.1148E+03,good
nstx_141711/N9/egn09w.1261E+03,good
nstx_141711/N9/egn09w.1394E+03,good
nstx_141711/N9/egn09w.1547E+03,bad
nstx_141711/N9/egn09w.1554E+03,bad
nstx_141711/N9/egn09w.1559E+03,good
nstx_141711/N9/egn09w.1566E+03,good
nstx_141711/N9/egn09w.1601E+03,bad
nstx_141711/N9/egn09w.1765E+03,bad
nstx_141711/N9/egn09w.2105E+03,bad
nstx_141711/N9/egn09w.2134E+02,bad
nstx_141711/N9/egn09w.2459E+02,bad
nstx_141711/N9/egn09w.2558E+02,bad
nstx_141711/N9/egn09w.2629E+02,good
nstx_141711/N9/egn09w.2747E+02,good
nstx_141711/N9/egn09w.2889E+02,good
nstx_141711/N9/egn09w.3045E+02,bad
nstx_141711/N9/egn09w.3127E+02,good
nstx_141711/N9/egn09w.3405E+02,good
nstx_141711/N9/egn09w.3582E+02,bad
nstx_141711/N9/egn09w.3593E+02,bad
nstx_141711/N9/egn09w.3602E+02,good
nstx_141711/N9/egn09w.3610E+02,bad
nstx_141711/N9/egn09w.3675E+02,bad
nstx_141711/N9/egn09w.4027E+02,good
nstx_141711/N9/egn09w.4199E+02,good
nstx_141711/N9/egn09w.4496E+02,good
nstx_141711/N9/egn09w.5019E+02,good
nstx_141711/N9/egn09w.5617E+02,good
nstx_141711/N9/egn09w.6252E+02,good
nstx_141711/N9/egn09w.6899E+02,bad
nstx_141711/N9/egn09w.7772E+02,good
nstx_141711/N9/egn09w.7829E+02,bad
nstx_141711/N9/egn09w.8950E+02,good
nstx_141711/N9/egn09w.9525E+02,bad
nstx_141711/N10/egn10w.1146E+03,bad
nstx_141711/N10/egn10w.1341E+03,good
nstx_141711/N10/egn10w.1470E+03,good
nstx_141711/N10/egn10w.1636E+03,bad
nstx_141711/N10/egn10w.1644E+03,bad
nstx_141711/N10/egn10w.1673E+03,bad
nstx_141711/N10/egn10w.1679E+03,bad
nstx_141711/N10/egn10w.1696E+03,bad
nstx_141711/N10/egn10w.1700E+03,bad
nstx_141711/N10/egn10w.1713E+03,bad
nstx_141711/N10/egn10w.1718E+03,bad
nstx_141711/N10/egn10w.1723E+03,bad
nstx_141711/N10/egn10w.2033E+02,bad
nstx_141711/N10/egn10w.2039E+03,bad
nstx_141711/N10/egn10w.2160E+03,bad
nstx_141711/N10/egn10w.2171E+02,bad
nstx_141711/N10/egn10w.2186E+03,bad
nstx_141711/N10/egn10w.2189E+03,bad
nstx_141711/N10/egn10w.2475E+02,bad
nstx_141711/N10/egn10w.2706E+02,good
nstx_141711/N10/egn10w.2824E+02,good
nstx_141711/N10/egn10w.2988E+02,bad
nstx_141711/N10/egn10w.3008E+02,bad
nstx_141711/N10/egn10w.3534E+02,good
nstx_141711/N10/egn10w.3771E+02,good
nstx_141711/N10/egn10w.4012E+02,good
nstx_141711/N10/egn10w.4285E+02,good
nstx_141711/N10/egn10w.4567E+02,good
nstx_141711/N10/egn10w.4978E+02,good
nstx_141711/N10/egn10w.5496E+02,good
nstx_141711/N10/egn10w.6177E+02,good
nstx_141711/N10/egn10w.6830E+02,good
nstx_141711/N10/egn10w.7518E+02,good
nstx_141711/N10/egn10w.8537E+02,good
nstx_141711/N10/egn10w.9564E+02,good
